timestamp,cpu_usage,memory_usage,network_traffic,anomaly
2024-12-03 19:26:50.116767,42.90472806427797,74.06737820361872,242.66310331751112,0
2024-12-03 19:25:50.116773,31.205067569041386,58.198879736826825,223.24675560557668,0
2024-12-03 19:24:50.116774,40.98240680618702,49.7381064018698,284.41983205704935,0
2024-12-03 19:23:50.116775,53.42274524592412,93.14717075345453,205.44579095028877,0
2024-12-03 19:22:50.116776,44.15610726923234,97.39526985510061,110.92589414336662,0
2024-12-03 19:21:50.116777,50.869611090719765,100.0,213.59828801840712,0
2024-12-03 19:20:50.116778,64.01236951108501,67.60306066310493,300.42207014865653,0
2024-12-03 19:19:50.116778,54.76959912703995,60.54111722186714,187.98235912999354,1
2024-12-03 19:18:50.116779,63.44340555158891,87.53279763171132,205.27308256534735,0
2024-12-03 19:17:50.116780,47.76281950753916,74.11136645745441,226.93935842073995,0
2024-12-03 19:16:50.116780,51.85908329993125,83.15088935277558,140.09190941465343,0
2024-12-03 19:15:50.116781,43.54168862308363,69.5279072965699,96.43577610462692,0
2024-12-03 19:14:50.116782,44.246691737169456,42.80821996195684,279.0361360312672,0
2024-12-03 19:13:50.116783,44.86207588284294,77.43841137235044,206.3182887525243,0
2024-12-03 19:12:50.116783,41.203147901754136,84.22076252116366,288.2441908753711,0
2024-12-03 19:11:50.116784,58.95002362469536,73.47456290156572,202.75234406446842,0
2024-12-03 19:10:50.116785,49.19038007063296,100.0,217.113385595033,0
2024-12-03 19:09:50.116785,60.927438023715084,84.54740956278822,183.63545609890042,0
2024-12-03 19:08:50.116786,55.93813100371473,80.37195123276905,179.01122541074136,0
2024-12-03 19:07:50.116787,51.146361491042086,74.48726379024994,146.62339458761915,0
2024-12-03 19:06:50.116788,52.107730752616554,79.06249111983468,257.82757315412607,0
2024-12-03 19:05:50.116789,46.75523023911696,47.4535620458707,233.5160344940522,0
2024-12-03 19:04:50.116789,48.27218764649834,58.174526600000405,135.23486704732863,0
2024-12-03 19:03:50.116790,56.640194102576366,78.46628558593048,196.4431520336786,0
2024-12-03 19:02:50.116791,45.5847644991465,46.05535641198295,276.8094363301443,0
2024-12-03 19:01:50.116791,52.465283295197715,92.53971663990339,243.92337256267695,0
2024-12-03 19:00:50.116792,26.136709579559398,62.123867664834265,200.1409407939806,0
2024-12-03 18:59:50.116793,48.37615813402571,84.90829541274393,169.7946182594036,0
2024-12-03 18:58:50.116794,55.885538016400076,72.61722667082431,199.3315185727247,0
2024-12-03 18:57:50.116794,58.264640305776076,75.81930483666002,194.2758358263576,0
2024-12-03 18:56:50.116795,62.951271682547755,97.19065560041568,218.2200574404077,0
2024-12-03 18:55:50.116796,43.62704018674357,82.35051874432028,173.83648661173888,1
2024-12-03 18:54:50.116796,42.634369326798996,80.47149422911336,190.88229778730746,0
2024-12-03 18:53:50.116797,63.98685250864632,59.9041160840077,200.8381565451952,0
2024-12-03 18:52:50.116798,36.56367105128904,81.26601625485155,204.06334967041442,0
2024-12-03 18:51:50.116799,52.62207633262165,71.72427565855091,191.73386831017666,0
2024-12-03 18:50:50.116799,34.636146620573456,59.92889884364426,180.6701743902921,0
2024-12-03 18:49:50.116800,43.42911374371383,76.66604960972086,172.19557562354163,0
2024-12-03 18:48:50.116801,50.19759578483742,46.31913981896858,195.15765940787395,0
2024-12-03 18:47:50.116802,66.08710226300572,59.24704834590917,204.4903604639808,0
2024-12-03 18:46:50.116802,55.71497854904652,62.424836852489015,197.2661356023426,0
2024-12-03 18:45:50.116803,43.75584453862675,87.87060632849156,59.614657107018445,0
2024-12-03 18:44:50.116804,30.937248136241735,100.0,200.53387572826463,0
2024-12-03 18:43:50.116804,53.88599651403021,67.86465990253856,157.7896617777089,0
2024-12-03 18:42:50.116805,38.663494774398984,43.27437361325887,250.61658999670118,0
2024-12-03 18:41:50.116806,57.75948774512671,85.18494397268937,208.49987170261892,0
2024-12-03 18:40:50.116807,62.33533067813117,49.254106255825924,158.03530399616795,0
2024-12-03 18:39:50.116807,50.38656519597169,57.331309403723985,239.77283022202334,0
2024-12-03 18:38:50.116808,54.807466770690986,47.39055442369046,213.80067657313788,0
2024-12-03 18:37:50.116809,51.53279405252346,79.6305326542461,263.24348298839715,0
2024-12-03 18:36:50.116809,53.3190428323665,64.83318169680011,199.3982690431709,0
2024-12-03 18:35:50.116810,65.00014691872488,58.664424979359254,168.61968773580423,0
2024-12-03 18:34:50.116811,59.71454166967945,78.65142310640853,194.43041516326525,0
2024-12-03 18:33:50.116812,43.24039482256405,47.63429260738754,246.46051060495623,0
2024-12-03 18:32:50.116812,50.94313946851405,69.65685234803638,176.09813995038877,0
2024-12-03 18:31:50.116813,52.14959788986927,53.720051572547575,205.4424806484525,0
2024-12-03 18:30:50.116814,50.32182005412872,56.98913572859765,176.69452042044398,0
2024-12-03 18:29:50.116814,38.510382315761504,61.78258494754232,182.79347253920005,0
2024-12-03 18:28:50.116815,41.34370327148093,42.457251050542,218.96030073888312,0
2024-12-03 18:27:50.116816,46.161030474357574,91.14954774470013,224.35924092116693,0
2024-12-03 18:26:50.116817,44.43208734389402,62.8659908866531,226.8485761598257,0
2024-12-03 18:25:50.116817,34.559479281932596,69.87657718729417,193.7108644214075,0
2024-12-03 18:24:50.116818,42.45806427763574,66.44505075640586,276.1553528716497,0
2024-12-03 18:23:50.116819,39.444570654242675,77.5163552900402,256.86725490967785,0
2024-12-03 18:22:50.116819,55.443398291106206,58.273445618457956,258.2308366226032,0
2024-12-03 18:21:50.116820,49.04264898668257,58.78902013191756,210.91362228626195,0
2024-12-03 18:20:50.116821,30.080247786623076,78.14731072388886,263.58708629903117,0
2024-12-03 18:19:50.116822,44.8826789180197,86.94184881406596,186.29771787760268,0
2024-12-03 18:18:50.116822,61.57240843696936,67.69190355522052,311.51576663408815,0
2024-12-03 18:17:50.116823,36.89425881567928,73.71339928900265,238.26792551250227,0
2024-12-03 18:16:50.116824,34.600677663569485,80.60974355467266,197.09568057939043,0
2024-12-03 18:15:50.116824,38.34839512522713,93.54113526070269,177.16438348362792,0
2024-12-03 18:14:50.116825,40.72115507049866,79.95742200353526,174.64221178229266,0
2024-12-03 18:13:50.116826,55.914622100617315,80.47154371873383,150.68193424115051,0
2024-12-03 18:12:50.116826,44.90358310438555,67.43307764024031,163.21435412422764,0
2024-12-03 18:11:50.116827,47.52965481379516,64.320019154786,142.17255570639063,0
2024-12-03 18:10:50.116828,55.864587579549735,72.25000255849612,247.07450532089507,0
2024-12-03 18:09:50.116829,57.33615940466558,81.91814621510878,143.9174128993731,0
2024-12-03 18:08:50.116829,55.39303562945314,60.438614125177146,191.09390553747795,0
2024-12-03 18:07:50.116830,46.923018584195155,48.28288157566924,198.75244418106357,0
2024-12-03 18:06:50.116831,52.266523230317475,44.27755695230318,179.68157429192902,0
2024-12-03 18:05:50.116831,41.668826794727394,64.51164497408872,212.87389990858594,0
2024-12-03 18:04:50.116832,57.70860954589194,78.70299904387434,222.71263576935746,0
2024-12-03 18:03:50.116833,50.72872232835058,89.65286122258992,272.5244776410676,1
2024-12-03 18:02:50.116834,34.11528382420963,100.0,206.7913895622205,0
2024-12-03 18:01:50.116834,64.64371063638204,65.90262552028811,220.96779123316534,0
2024-12-03 18:00:50.116835,47.06906760932072,67.301133067491,205.5427311119551,0
2024-12-03 17:59:50.116836,40.1999152933474,63.577386950865346,204.31288173806897,0
2024-12-03 17:58:50.116836,42.734899648408714,75.63954213962182,247.67447093234375,0
2024-12-03 17:57:50.116837,51.590722880924716,78.7037488364733,229.055631857209,0
2024-12-03 17:56:50.116838,47.276004921870545,77.28076246423535,156.92826131938602,0
2024-12-03 17:55:50.116838,68.72591283907013,95.92064058642352,197.13861041120697,0
2024-12-03 17:54:50.116839,39.86442227430806,52.40240835209713,176.72651246549682,0
2024-12-03 17:53:50.116840,39.21616769770962,64.96351648160348,199.4582251579901,0
2024-12-03 17:52:50.116841,37.882524115349064,78.14984513668907,185.54835572707088,0
2024-12-03 17:51:50.116841,36.3189806462147,77.48940195355418,165.53783393375542,1
2024-12-03 17:50:50.116842,57.75599695102286,60.683827946918264,159.7682981553828,0
2024-12-03 17:49:50.116843,49.54194884112031,50.91216681174589,306.17325900101036,0
2024-12-03 17:48:50.116843,47.78591601951519,78.4739508846108,274.24753507026605,0
2024-12-03 17:47:50.116844,56.26882440627424,55.13255032669764,134.35619022388892,0
2024-12-03 17:46:50.116845,36.1053625958531,56.27570885382538,229.8270780306951,0
2024-12-03 17:45:50.116845,64.30641434188729,31.88468384498637,230.85077881076654,0
2024-12-03 17:44:50.116846,36.33673943054799,55.739894537225084,164.589011885589,0
2024-12-03 17:43:50.116847,55.6356885372661,54.30405200329828,109.8346395892779,0
2024-12-03 17:42:50.116848,40.883317064276376,85.18610873110414,152.92932552829242,0
2024-12-03 17:41:50.116848,53.28389109667762,75.97255049463529,341.22331048954686,0
2024-12-03 17:40:50.116849,46.01074697432018,47.135163466858614,250.09167601466268,0
2024-12-03 17:39:50.116850,51.533410082199815,54.74851400819448,291.9788086981981,0
2024-12-03 17:38:50.116850,50.40339723083174,68.78669263046194,214.2889604329371,0
2024-12-03 17:37:50.116851,45.310567226683546,79.19970674415681,166.33875122684233,0
2024-12-03 17:36:50.116852,66.88702100545137,43.9851000062117,239.61508920326486,0
2024-12-03 17:35:50.116853,36.174709916144764,77.06050968537289,118.16353907671139,0
2024-12-03 17:34:50.116853,44.47514673971805,63.93446004132651,208.21172018044942,1
2024-12-03 17:33:50.116854,44.54542796727103,99.69217222454068,141.54831213319562,0
2024-12-03 17:32:50.116855,65.6263959606043,73.82995163815623,171.39771578287724,0
2024-12-03 17:31:50.116855,45.70427068613904,80.01533425367172,206.5985924203729,0
2024-12-03 17:30:50.116856,52.12676773831302,77.82101332254382,262.1747676181865,0
2024-12-03 17:29:50.116857,60.664937811375694,43.926269399865255,253.29647236097736,0
2024-12-03 17:28:50.116857,40.929725864231955,55.30382246302401,185.80474379398783,0
2024-12-03 17:27:50.116858,73.11885164687072,65.31615036020426,209.84996244417687,0
2024-12-03 17:26:50.116859,68.04290406017807,84.80230494417934,205.139946267203,0
2024-12-03 17:25:50.116859,38.10264213836071,66.32958295564346,151.4584959143949,0
2024-12-03 17:24:50.116860,40.66338385021237,68.6382784708122,176.8492328136431,0
2024-12-03 17:23:50.116861,26.73239102464874,70.36835303909481,201.49284529475588,0
2024-12-03 17:22:50.116862,45.06202938198985,49.45788129841983,218.6347773544753,1
2024-12-03 17:21:50.116862,44.50632899378888,79.69373332499238,226.56457699775666,0
2024-12-03 17:20:50.116863,51.17464085017009,55.17068199717953,164.33038144559862,0
2024-12-03 17:19:50.116864,55.445471927682334,61.57243504107264,153.49545217769702,0
2024-12-03 17:18:50.116864,57.12038232167661,67.68557642964153,302.66446593785827,0
2024-12-03 17:17:50.116865,45.38338413650874,66.58227749063377,255.49531864335495,0
2024-12-03 17:16:50.116866,52.71634017940529,77.78976027594294,249.80083260047422,0
2024-12-03 17:15:50.116867,28.435237890545054,63.44907454694791,153.08979340813312,0
2024-12-03 17:14:50.116867,56.80873535497305,53.94829039752891,274.81174494265315,0
2024-12-03 17:13:50.116868,29.613205158164124,78.26514013020474,150.12432706940774,0
2024-12-03 17:12:50.116869,44.6341999469384,98.23262258433334,319.22593324706077,0
2024-12-03 17:11:50.116869,57.238835007412014,98.33993152684991,185.2622004367938,0
2024-12-03 17:10:50.116870,71.2749167169223,57.71690067032508,287.3575205929074,0
2024-12-03 17:09:50.116871,66.77349160378068,63.941419861268656,158.95989328563357,0
2024-12-03 17:08:50.116871,53.895299186452014,82.99566208363287,153.58769191481537,0
2024-12-03 17:07:50.116872,44.18890182562953,72.11769724009419,158.8523856128004,0
2024-12-03 17:06:50.116873,52.12828667239279,77.13579658037777,207.65892058185543,0
2024-12-03 17:05:50.116874,64.18287396069948,100.0,277.83730803012253,0
2024-12-03 17:04:50.116874,40.12742290651271,62.572403057123104,205.62616731725518,0
2024-12-03 17:03:50.116875,51.30012383173629,72.25670714071666,191.53173387018344,0
2024-12-03 17:02:50.116876,64.23200188260964,79.28119761670888,249.43339283408676,0
2024-12-03 17:01:50.116877,55.81985438696817,67.62958509229406,226.82123351988358,0
2024-12-03 17:00:50.116877,49.01771555906109,61.10795954329956,240.13617417056753,0
2024-12-03 16:59:50.116878,23.74520362933969,57.33136916916852,159.63591765936982,0
2024-12-03 16:58:50.116879,46.06310791045106,75.54901021882125,213.35639171368356,0
2024-12-03 16:57:50.116879,50.51289998924356,54.68224323287821,189.3766857707846,0
2024-12-03 16:56:50.116880,34.324214848131334,62.16890277124205,236.5765532501418,0
2024-12-03 16:55:50.116881,65.47616233626447,31.18270308599277,164.4476361755103,0
2024-12-03 16:54:50.116881,43.34111558140508,59.07216834859889,144.65264536723254,0
2024-12-03 16:53:50.116882,45.55439175465897,62.71747197723812,126.07752880029754,0
2024-12-03 16:52:50.116883,86.77403302748124,77.97512556662339,157.62750888926354,0
2024-12-03 16:51:50.116884,48.06166733981854,93.03720158882199,186.03660750190707,0
2024-12-03 16:50:50.116884,38.73213263410702,71.22927937828563,231.36214615287435,0
2024-12-03 16:49:50.116885,47.74831494124178,75.7907532390603,190.13164528831265,0
2024-12-03 16:48:50.116886,49.49618098041857,74.92243896569758,231.94947576714372,0
2024-12-03 16:47:50.116886,55.22932989120618,61.43008451238151,164.72953980230227,0
2024-12-03 16:46:50.116887,60.777722425212346,72.2278337522264,215.68008324803776,0
2024-12-03 16:45:50.116888,52.07547620558072,95.06178975217094,143.59546418327173,0
2024-12-03 16:44:50.116888,58.22208175811623,58.14129774677864,152.72912348426547,0
2024-12-03 16:43:50.116889,58.04777535422227,82.2160326996096,282.16206544940263,0
2024-12-03 16:42:50.116890,38.62065083836384,38.68310895015132,263.48946553312635,0
2024-12-03 16:41:50.116890,48.38832509178252,61.369138785477425,213.97324738434955,0
2024-12-03 16:40:50.116891,53.18757241884666,51.17212985523993,175.07829905032793,0
2024-12-03 16:39:50.116892,50.37842845662687,72.08993803139334,172.34947520430063,0
2024-12-03 16:38:50.116893,56.817451081315525,88.15904019645015,125.015087336763,0
2024-12-03 16:37:50.116893,46.79041014635444,59.52714253863486,170.33827572664694,0
2024-12-03 16:36:50.116894,59.3543823071978,47.42464589867181,142.02118227159724,0
2024-12-03 16:35:50.116895,61.460064384689055,68.53930352849802,199.5386364766025,0
2024-12-03 16:34:50.116896,57.75191394563501,59.440813978458905,186.55789744727724,0
2024-12-03 16:33:50.116896,61.82945617066849,46.14623392433359,192.524260543393,0
2024-12-03 16:32:50.116897,48.76298338697695,62.9088531366786,233.72670769033007,1
2024-12-03 16:31:50.116898,44.362367102582276,63.691167660454795,198.67286154283806,0
2024-12-03 16:30:50.116899,53.800863240666885,70.92867486777055,260.856258645955,0
2024-12-03 16:29:50.116899,36.37657032122546,90.01157594673917,160.03816457433132,0
2024-12-03 16:28:50.116900,36.930519581705,74.35841913118115,211.2540398345781,0
2024-12-03 16:27:50.116901,58.34239743299141,64.89383914948682,238.62293304878492,0
2024-12-03 16:26:50.116901,56.75512262166502,48.557622523430794,215.6960750445287,0
2024-12-03 16:25:50.116902,61.61848698878583,61.39159573233958,200.667940992509,0
2024-12-03 16:24:50.116903,51.16784021237275,66.20294562056446,141.25554876954766,0
2024-12-03 16:23:50.116903,40.90961757478544,50.52065780567442,228.3824885660653,0
2024-12-03 16:22:50.116904,31.169429315986427,60.88893358677433,199.74700227634864,0
2024-12-03 16:21:50.116905,40.40315359828556,62.77370082639673,206.89449887723833,0
2024-12-03 16:20:50.116906,55.03715324999891,48.71485469998996,172.40576566025095,1
2024-12-03 16:19:50.116906,55.91660792413899,74.64928399912019,283.496317766964,0
2024-12-03 16:18:50.116907,58.48963450266271,76.91687626878424,227.03580165200194,0
2024-12-03 16:17:50.116908,73.09863982516755,100.0,262.6329492066763,0
2024-12-03 16:16:50.116908,49.688157637751374,65.9521767579371,158.69109443635188,0
2024-12-03 16:15:50.116909,46.280796359881066,84.61724868414828,215.03164994160178,0
2024-12-03 16:14:50.116910,48.9525330038759,100.0,245.60648230701264,0
2024-12-03 16:13:50.116910,51.94755772391723,62.619025289044146,117.84967530087467,1
2024-12-03 16:12:50.116911,58.669896713887454,79.12958267821908,144.61586076208997,0
2024-12-03 16:11:50.116912,39.40256495465253,73.15060025365266,235.14443615823868,0
2024-12-03 16:10:50.116912,47.729531789454136,93.83953091358036,250.10138115943045,0
2024-12-03 16:09:50.116913,37.57391491782997,51.04583120946069,284.13082997467393,0
2024-12-03 16:08:50.116914,67.41441002071026,66.45804137654974,240.50378562606147,0
2024-12-03 16:07:50.116914,53.43905165104576,83.95956073128076,218.3954419716323,0
2024-12-03 16:06:50.116915,60.02645897797261,71.84650979740155,277.97133808223083,0
2024-12-03 16:05:50.116916,53.36072659668737,40.99190570180431,293.93399893636064,0
2024-12-03 16:04:50.116917,60.177892588126525,88.24496079091293,233.43249365261323,1
2024-12-03 16:03:50.116917,47.360491764559114,87.76281551112503,175.88096102395468,0
2024-12-03 16:02:50.116918,39.06743149989936,71.61965244078537,216.61008987207717,0
2024-12-03 16:01:50.116919,43.486795961296224,39.757657875040785,271.94900997651695,0
2024-12-03 16:00:50.116919,53.327545531001874,57.63655750807773,153.15652245510452,0
2024-12-03 15:59:50.116920,54.60825659191258,97.89497416595535,85.22561470295476,0
2024-12-03 15:58:50.116921,55.1717683242577,87.94473881354523,254.98537129028733,0
2024-12-03 15:57:50.116921,54.45927420515675,49.84924483587492,199.16578358015377,0
2024-12-03 15:56:50.116922,52.85948730176054,57.40402298578699,289.4256837341212,0
2024-12-03 15:55:50.116923,42.05704022508406,52.7171717358582,154.09536161456046,0
2024-12-03 15:54:50.116923,49.786747429271436,67.0561629636743,231.94005989383555,0
2024-12-03 15:53:50.116924,64.42734040624417,97.41666056235941,275.2460177428071,0
2024-12-03 15:52:50.116925,52.547215850232995,71.86244350788732,216.44494160467184,0
2024-12-03 15:51:50.116926,37.92748554443591,77.01720684450316,248.50179171258628,0
2024-12-03 15:50:50.116926,47.29488457042818,79.46198994099164,189.90320694090346,0
2024-12-03 15:49:50.116927,50.856577982055526,77.46359877323763,253.99318423224636,0
2024-12-03 15:48:50.116928,54.544253777466324,54.85783939899221,230.2045569468789,0
2024-12-03 15:47:50.116928,50.395918456712664,88.05499811336993,209.7243342923403,0
2024-12-03 15:46:50.116929,65.74348188276409,66.0478616806136,175.77036690564566,0
2024-12-03 15:45:50.116930,52.66100335801784,67.58791059828967,290.98429503412046,0
2024-12-03 15:44:50.116930,65.81597239772344,88.53960641542349,158.0309453543677,0
2024-12-03 15:43:50.116931,48.74859118359975,56.6626577345107,191.51783841414579,0
2024-12-03 15:42:50.116932,48.18689891277545,52.79674930142087,226.78979662333967,0
2024-12-03 15:41:50.116932,65.72814200675175,64.9142125094236,123.29974755958925,0
2024-12-03 15:40:50.116933,62.98022367642171,68.17478824252902,314.12684729341566,1
2024-12-03 15:39:50.116934,31.998093930259003,70.78124572308374,196.18109155197052,0
2024-12-03 15:38:50.116934,44.863262214329865,73.49542890325738,290.1600610985331,0
2024-12-03 15:37:50.116935,31.673056992221987,66.2943386122332,287.68804810313975,0
2024-12-03 15:36:50.116936,61.60229484163317,52.40210514304796,248.19457124317046,0
2024-12-03 15:35:50.116937,60.850989369136336,45.86361403399368,160.6202584635335,0
2024-12-03 15:34:50.116937,60.39541008483863,72.90719509967192,193.48599939505704,0
2024-12-03 15:33:50.116938,55.22142453332436,57.3438800416673,222.20416163023842,0
2024-12-03 15:32:50.116939,59.67948530847738,64.13325906853481,231.47095419735746,0
2024-12-03 15:31:50.116939,54.59848395945834,61.27388114014879,230.66853736868347,0
2024-12-03 15:30:50.116940,51.55509666825396,50.23453629909636,167.9566200644079,0
2024-12-03 15:29:50.116941,56.60493219456396,67.63695072897504,248.2863611452194,0
2024-12-03 15:28:50.116942,52.75511155629854,70.25319155917074,221.42373416062495,0
2024-12-03 15:27:50.116942,46.47221462120577,92.00594961046018,148.95200156287424,0
2024-12-03 15:26:50.116943,43.28932053966965,42.159439891047406,176.72609308008407,0
2024-12-03 15:25:50.116944,25.732834846318433,69.53500807372424,223.29611003505448,0
2024-12-03 15:24:50.116944,36.67239499349398,62.374881556884134,143.18981528013074,0
2024-12-03 15:23:50.116945,57.72228900612687,83.19425224020019,238.5020284547171,0
2024-12-03 15:22:50.116946,59.941603913458714,44.97282078505649,183.94115729420102,0
2024-12-03 15:21:50.116946,66.33355154896223,81.15224587605779,177.23927428080648,0
2024-12-03 15:20:50.116947,53.342769702811076,43.84168974565952,219.75772631344867,0
2024-12-03 15:19:50.116948,55.375815441589324,72.79747217354081,266.5845027949627,0
2024-12-03 15:18:50.116948,61.28796155749766,78.63721428078887,230.46467646572773,0
2024-12-03 15:17:50.116949,42.53462400134458,66.19867638063216,134.48222237502455,0
2024-12-03 15:16:50.116950,36.34463616708999,46.9154573182175,95.41962662631597,0
2024-12-03 15:15:50.116951,57.32406917533125,83.97604181094927,112.70178108763993,1
2024-12-03 15:14:50.116951,52.97604959658905,79.37031487414926,223.65849422428988,0
2024-12-03 15:13:50.116952,53.42472275023299,68.08798025661652,237.01278860947687,0
2024-12-03 15:12:50.116953,57.05461852096684,74.91137100445503,171.38692142614167,0
2024-12-03 15:11:50.116953,52.17704963669777,79.59537820749209,306.30821645486594,0
2024-12-03 15:10:50.116954,57.508768170724224,53.24262750391106,206.76239617385687,0
2024-12-03 15:09:50.116955,61.05004859239064,90.04563360168092,189.89144639635236,0
2024-12-03 15:08:50.116956,56.14308052391477,65.55828486914487,220.21457764546068,1
2024-12-03 15:07:50.116956,51.404279522914,60.13133599436985,173.69001067386336,0
2024-12-03 15:06:50.116957,63.83518043782619,77.60649776102088,160.87717847051726,0
2024-12-03 15:05:50.116958,55.196517634086995,43.98070392443155,145.48008638943347,0
2024-12-03 15:04:50.116958,48.39908228986399,76.90980475026758,221.81520753599713,0
2024-12-03 15:03:50.116959,64.23815532538144,75.02873349269035,165.2629506500436,0
2024-12-03 15:02:50.116960,57.16869863310023,69.77951686952129,248.0897334981806,0
2024-12-03 15:01:50.116960,53.0380269577121,75.8572085195471,201.34165608092493,0
2024-12-03 15:00:50.116961,37.214976658535974,59.017511466855524,185.0443469330291,0
2024-12-03 14:59:50.116962,35.69981587950316,66.94039462033021,222.26827473947853,1
2024-12-03 14:58:50.116963,66.03335293592585,53.31211331002872,207.57031295231957,0
2024-12-03 14:57:50.116963,42.35878418410341,69.552504685393,260.76843322405836,0
2024-12-03 14:56:50.116964,52.84164773162571,76.23334934995935,199.20381600674872,0
2024-12-03 14:55:50.116965,60.488880552731054,78.52274012909751,166.7210558432713,0
2024-12-03 14:54:50.116965,43.14398054570592,61.11216182467031,326.0519244271069,0
2024-12-03 14:53:50.116966,70.49466011907079,55.37492842025607,171.1923092639612,0
2024-12-03 14:52:50.116967,48.92320741095344,50.686389279353975,184.9731175926746,0
2024-12-03 14:51:50.116968,53.87815668108082,47.19486896645771,203.45749748168691,0
2024-12-03 14:50:50.116968,60.372373465344445,65.37170937845887,215.74859069016767,1
2024-12-03 14:49:50.116969,53.59748474786442,79.99168521632367,148.48813028594446,0
2024-12-03 14:48:50.116970,56.694905071449924,29.172224139366513,101.94807028739584,0
2024-12-03 14:47:50.116970,51.72598249070594,62.43079310153338,205.37518243101002,0
2024-12-03 14:46:50.116971,57.8337368747753,86.4931370789315,138.24089095277748,0
2024-12-03 14:45:50.116972,51.6858649385526,71.44195875589405,184.36235169527183,0
2024-12-03 14:44:50.116972,38.20448625680608,44.34384751637603,177.76075502357946,0
2024-12-03 14:43:50.116973,43.12984803268808,69.47539889726123,180.51267922571478,0
2024-12-03 14:42:50.116974,53.48406243794356,53.353010750518166,150.48822154079488,0
2024-12-03 14:41:50.116975,66.63906272882912,62.55963250911189,155.25159318852693,0
2024-12-03 14:40:50.116975,50.85393455231285,95.56200022255112,180.4152509546529,0
2024-12-03 14:39:50.116976,54.27331475839933,45.21414393885179,266.69014561877,0
2024-12-03 14:38:50.116977,55.260054570909986,66.16316948828782,193.67733929627576,0
2024-12-03 14:37:50.116977,36.79674388499222,87.034102865683,342.6007041297165,0
2024-12-03 14:36:50.116978,48.92130466044984,63.781452286573774,291.59313697610054,0
2024-12-03 14:35:50.116979,67.25242508503956,81.98299537634135,146.07455777025586,0
2024-12-03 14:34:50.116979,60.50514452707431,61.75373695989368,118.4707964268625,0
2024-12-03 14:33:50.116980,50.48905777663065,53.318988027994735,240.1690281911125,0
2024-12-03 14:32:50.116981,48.72950645180682,73.7216608919011,131.87464528107583,0
2024-12-03 14:31:50.116981,53.21868548449316,78.58428995493998,144.09677814110853,0
2024-12-03 14:30:50.116982,56.41547441235106,50.51211727034915,190.56183792235694,0
2024-12-03 14:29:50.116983,55.16725568427495,56.39111369666322,216.77275699493774,0
2024-12-03 14:28:50.116984,47.344113601566725,48.134295691610546,241.34644190509175,0
2024-12-03 14:27:50.116984,55.602983275473875,72.26992703765082,257.8615180844283,0
2024-12-03 14:26:50.116985,38.76270195111849,50.10469099248685,143.46070366619458,0
2024-12-03 14:25:50.116986,60.4917661812666,66.58776645578,165.46971006423777,0
2024-12-03 14:24:50.116986,52.14557094984575,39.6020302768208,194.54407666865183,0
2024-12-03 14:23:50.116987,45.57960853889306,98.21994930421683,112.18187892009539,0
2024-12-03 14:22:50.116988,31.743354591256892,72.28588978158838,177.99662375969905,0
2024-12-03 14:21:50.116988,37.91164882061057,69.47297938061524,313.30398335143104,0
2024-12-03 14:20:50.116989,49.422749539930614,85.06664072317051,185.76218293307542,0
2024-12-03 14:19:50.116990,34.698159458957406,60.519012057601394,165.06923692993448,0
2024-12-03 14:18:50.116991,56.91574400330869,71.18874287572196,169.74518289889798,0
2024-12-03 14:17:50.116991,75.41762032557044,79.30081441245119,175.9742776960199,0
2024-12-03 14:16:50.116992,54.25874442011598,85.72645470718987,226.76617527242271,0
2024-12-03 14:15:50.116993,71.50745733159451,49.756065480127674,230.54668228486753,0
2024-12-03 14:14:50.116993,32.16582325760107,65.74051494712185,103.24273324838124,0
2024-12-03 14:13:50.116994,44.48228589486175,100.0,262.8095235865186,0
2024-12-03 14:12:50.116995,57.89814170368022,66.82133677899695,149.29754827486246,1
2024-12-03 14:11:50.116996,67.80859098491212,96.72350078750844,168.5952605444221,0
2024-12-03 14:10:50.116996,40.82640404243506,62.969455813548294,310.95092513969985,0
2024-12-03 14:09:50.116997,52.13552205801744,74.26604883963063,166.9041500711643,0
2024-12-03 14:08:50.116998,64.64150236674992,68.31384188138635,254.08706350682223,0
2024-12-03 14:07:50.116998,37.43325817227649,68.90243198616285,241.70946047910692,0
2024-12-03 14:06:50.116999,44.702470920743174,74.05579857357819,231.7265220382236,0
2024-12-03 14:05:50.117000,58.7796759558071,69.97955134917522,166.91509924051138,0
2024-12-03 14:04:50.117000,51.93725434143934,34.1239711600088,119.42001045972566,0
2024-12-03 14:03:50.117001,45.96986184469339,82.06131145274134,144.32182937484794,0
2024-12-03 14:02:50.117002,41.53677715914412,86.51703664480564,210.3330415614222,0
2024-12-03 14:01:50.117002,61.885360063478295,76.04499683789618,208.83080821351774,0
2024-12-03 14:00:50.117003,56.9378628206631,77.11691697550185,176.60082931610623,0
2024-12-03 13:59:50.117004,41.88818510280581,79.83572211373819,263.13365674020554,0
2024-12-03 13:58:50.117005,44.34814776123464,71.02036305618832,212.41016896913285,1
2024-12-03 13:57:50.117005,43.78880153026354,52.3565680596372,145.78948328618117,0
2024-12-03 13:56:50.117006,66.94550859846339,77.15426032525522,119.23302014825045,0
2024-12-03 13:55:50.117007,54.226643824893046,54.003796823181496,163.06920763489674,1
2024-12-03 13:54:50.117007,25.651768126256616,64.54944681780155,246.70601438327247,0
2024-12-03 13:53:50.117008,48.23047885318248,100.0,203.33615063493468,0
2024-12-03 13:52:50.117009,49.15324654625118,71.09343044061957,185.45766443124023,0
2024-12-03 13:51:50.117010,61.38878375836026,32.306603971890496,257.82203650555107,0
2024-12-03 13:50:50.117010,37.35971597258171,67.09601692219383,113.71632373337077,0
2024-12-03 13:49:50.117011,68.54493722360996,77.53731821572902,163.91110734953236,0
2024-12-03 13:48:50.117012,66.91266876373207,64.17559191813733,178.94130192635063,1
2024-12-03 13:47:50.117012,63.08763580199394,56.27282670440373,213.97284289874707,0
2024-12-03 13:46:50.117013,53.95841133839844,85.70504489746976,69.06344522947634,0
2024-12-03 13:45:50.117014,60.302020072639955,54.45375678277399,227.01353887175543,0
2024-12-03 13:44:50.117014,40.165357985435236,52.52740611774013,186.62472119228931,0
2024-12-03 13:43:50.117015,57.557503709429476,89.73818085620687,209.35363873343772,0
2024-12-03 13:42:50.117016,81.80388096382936,59.46187103223909,187.95077584722793,0
2024-12-03 13:41:50.117017,52.825742431217655,100.0,260.00743003956825,0
2024-12-03 13:40:50.117017,47.743427281321665,59.89973459277685,201.91318110697557,0
2024-12-03 13:39:50.117018,45.45821619446391,66.7643153372555,172.08663894597888,0
2024-12-03 13:38:50.117019,44.44638862005102,61.60326787545273,225.70880334992216,0
2024-12-03 13:37:50.117019,32.786074041179845,65.75246642999049,111.72570764945512,0
2024-12-03 13:36:50.117020,39.87561470546066,59.652416523111675,125.77436235918725,0
2024-12-03 13:35:50.117021,40.556101229774356,72.70862889689194,155.47955886736324,0
2024-12-03 13:34:50.117021,54.531119107275934,72.12301801402415,154.38778410515397,0
2024-12-03 13:33:50.117022,39.02713812364766,54.53896804195749,175.3796940013896,0
2024-12-03 13:32:50.117023,50.21868945548012,79.55980978530516,235.3990243450445,0
2024-12-03 13:31:50.117024,41.8945226675153,38.74766146261241,348.66719276658944,0
2024-12-03 13:30:50.117024,51.199974721506734,72.14637307740904,145.63869564249967,0
2024-12-03 13:29:50.117025,37.52119714453838,99.34296716606175,235.33340326602635,0
2024-12-03 13:28:50.117026,54.85075817287899,75.4304126665202,124.97023468367536,0
2024-12-03 13:27:50.117026,56.4168579735974,79.31949454265504,168.9140011665351,0
2024-12-03 13:26:50.117027,47.86343161053866,48.85229807564731,177.2350210260016,0
2024-12-03 13:25:50.117028,37.3627073916412,99.17729109103266,191.79214079908004,0
2024-12-03 13:24:50.117029,52.1514809000735,98.80377944141861,226.54940035348378,0
2024-12-03 13:23:50.117029,43.647540287652234,67.83160840625791,203.0543457642052,0
2024-12-03 13:22:50.117030,60.491681101813256,75.35319208225745,236.27816374423938,0
2024-12-03 13:21:50.117031,38.82203782511155,72.28371326914767,155.81646917836855,0
2024-12-03 13:20:50.117031,47.556115202413196,86.79908687295986,210.48177115660258,0
2024-12-03 13:19:50.117032,59.33506941680479,76.19739528072844,290.999970652147,0
2024-12-03 13:18:50.117033,49.68690698600633,75.33716492024188,207.97591960297908,0
2024-12-03 13:17:50.117033,41.163578788287644,67.77226144241914,149.28383356540036,0
2024-12-03 13:16:50.117034,62.32423569614788,65.99356837011806,213.4224984524568,1
2024-12-03 13:15:50.117035,44.74526637205517,67.74539169393096,159.0262083991431,0
2024-12-03 13:14:50.117036,29.3152663410758,68.11903384832948,160.83256561812178,0
2024-12-03 13:13:50.117036,52.14614905866554,65.32682086090475,158.04309160536542,0
2024-12-03 13:12:50.117037,61.05229896321652,76.39965290121707,240.98522395811827,0
2024-12-03 13:11:50.117038,51.654500228464414,89.41617772905815,212.8806805235884,0
2024-12-03 13:10:50.117038,60.23731506498589,62.67131076218059,252.7617650506345,0
2024-12-03 13:09:50.117039,52.91098732290554,71.48150571903156,227.56610942307344,0
2024-12-03 13:08:50.117040,51.3001364991888,32.36057555848638,231.97433958047947,0
2024-12-03 13:07:50.117040,61.173304266193476,37.593848335430316,147.82169147821628,0
2024-12-03 13:06:50.117041,65.20349870101805,57.3695579148224,202.75780291486186,0
2024-12-03 13:05:50.117042,50.51363505867029,73.9588384328155,217.4067721340953,0
2024-12-03 13:04:50.117042,51.22714513187872,71.81968964670286,177.9367326476063,0
2024-12-03 13:03:50.117043,58.71540791539704,81.6669550938809,143.69431150899828,0
2024-12-03 13:02:50.117044,53.5544331207987,48.61546669858261,187.83274581594125,0
2024-12-03 13:01:50.117045,57.21047309409815,68.2280343385776,199.17292289221066,0
2024-12-03 13:00:50.117045,45.53302781097449,84.82719311335757,366.59702103429817,0
2024-12-03 12:59:50.117046,60.85599499058064,71.43865889708978,261.02761698764,0
2024-12-03 12:58:50.117047,45.12472285442577,66.3583248956407,216.6277702511021,0
2024-12-03 12:57:50.117047,57.798062499345264,92.42830802698198,185.2963043123915,1
2024-12-03 12:56:50.117048,53.17316814314158,52.692239707674844,159.82578604214922,0
2024-12-03 12:55:50.117049,46.922386825443944,69.31892386895113,231.7996175574567,0
2024-12-03 12:54:50.117049,45.72951327986185,57.22147714278235,217.75095117015445,0
2024-12-03 12:53:50.117050,46.73634008949573,66.36822486440838,249.77581150044853,0
2024-12-03 12:52:50.117051,44.49193421354322,61.33781897349786,176.2334274856657,0
2024-12-03 12:51:50.117052,51.13228313510894,72.0466696763166,190.3933518720658,0
2024-12-03 12:50:50.117052,45.579030158268765,75.46495004551446,161.6628880977769,0
2024-12-03 12:49:50.117053,39.60444709931221,71.87512355271957,265.43952550823974,0
2024-12-03 12:48:50.117054,63.65886363629813,77.07081086582191,217.79106095904547,0
2024-12-03 12:47:50.117054,46.37611983503315,81.58595828415302,239.0583100559042,0
2024-12-03 12:46:50.117055,43.47666837623136,56.227143513746995,217.77455524367772,0
2024-12-03 12:45:50.117056,55.83114272289535,84.35783794258252,227.2937066673025,0
2024-12-03 12:44:50.117057,52.23368374340418,74.98038872940225,113.22007713314875,0
2024-12-03 12:43:50.117057,54.440081595460946,77.88138341893647,208.44387248447424,0
2024-12-03 12:42:50.117058,41.74459843345977,60.901949079292805,251.88513354659068,0
2024-12-03 12:41:50.117059,47.41642378349707,69.13632390745153,224.7211521592362,0
2024-12-03 12:40:50.117059,66.13357025009975,80.82188594604818,160.0483442129764,0
2024-12-03 12:39:50.117060,39.68421350947108,66.60469975031835,200.41416988894917,0
2024-12-03 12:38:50.117061,49.20481137057447,65.78703155430819,250.69946369822267,0
2024-12-03 12:37:50.117061,47.6430922234218,78.96428301770986,187.4217571560367,0
2024-12-03 12:36:50.117062,55.256681892183884,50.73435668472642,76.89283745502632,0
2024-12-03 12:35:50.117063,51.15433109072443,64.32603051380487,195.91422708271617,0
2024-12-03 12:34:50.117064,53.99228561928495,56.553794789529285,116.73027644836971,1
2024-12-03 12:33:50.117064,50.19846071660244,72.3861588795377,268.1471559320294,0
2024-12-03 12:32:50.117065,52.23108508752211,53.24293249581049,174.9739479796583,0
2024-12-03 12:31:50.117066,50.63041422211846,84.17196638620027,200.32201255421145,1
2024-12-03 12:30:50.117066,48.96542647037107,88.34569542669954,75.01203861959415,0
2024-12-03 12:29:50.117067,50.74291455344982,50.44803350541978,179.7399734712651,0
2024-12-03 12:28:50.117068,35.943019487205575,71.21488832876851,200.38876937370475,0
2024-12-03 12:27:50.117068,51.08057352477437,94.27526697319114,101.29718008631295,1
2024-12-03 12:26:50.117069,52.86615816381603,72.14304761983304,245.1811600413505,0
2024-12-03 12:25:50.117070,38.25929597057466,87.01915230809381,190.6632722847171,0
2024-12-03 12:24:50.117070,47.89754899702823,94.32232717997549,221.68884311664192,0
2024-12-03 12:23:50.117071,40.0026252647139,83.3582687619828,158.0551629350968,0
2024-12-03 12:22:50.117072,76.48351717204906,70.93907699406017,287.30995595814886,0
2024-12-03 12:21:50.117073,61.175928123375954,81.82778653429376,222.44915670571916,0
2024-12-03 12:20:50.117073,32.6676703571825,65.30816039092906,291.13356897332454,0
2024-12-03 12:19:50.117074,20.028351434100607,59.51124837995468,164.42710120370396,0
2024-12-03 12:18:50.117075,44.73726016218913,48.497000442723646,273.2567215013527,0
2024-12-03 12:17:50.117075,53.961487843103676,67.7437999346598,233.03574571293038,0
2024-12-03 12:16:50.117076,47.77077842793636,49.28637613392877,241.80428907068628,0
2024-12-03 12:15:50.117077,60.400810153892934,90.57315239043565,179.77384316470926,0
2024-12-03 12:14:50.117077,36.53329109285462,55.255225754294074,222.11680005848962,0
2024-12-03 12:13:50.117078,38.12248327155805,61.639785554731645,67.67206154495716,0
2024-12-03 12:12:50.117079,50.342147519233336,89.71728890485545,244.40901800001907,0
2024-12-03 12:11:50.117080,43.38614263638076,86.28343117489257,148.2171699201373,0
2024-12-03 12:10:50.117080,48.62349991425998,89.85408284455016,167.8067146436083,0
2024-12-03 12:09:50.117081,45.146675775466235,65.4685207693394,175.87951221446409,0
2024-12-03 12:08:50.117082,40.38370078696127,59.943631790889064,195.791232566922,0
2024-12-03 12:07:50.117082,51.76264805781835,73.70040012735284,185.1048282272015,0
2024-12-03 12:06:50.117083,36.51613930837551,79.98832777398768,226.61051605367436,0
2024-12-03 12:05:50.117084,40.12626718845263,62.53723269593233,199.01541127424113,0
2024-12-03 12:04:50.117084,44.59394542840178,97.65774853209672,222.9126165610036,0
2024-12-03 12:03:50.117085,43.34861884773138,69.17170277606799,238.40517897143246,0
2024-12-03 12:02:50.117086,35.30298127483134,74.35074028219363,171.56301335785787,0
2024-12-03 12:01:50.117087,48.755264826535765,74.87631814373194,196.50365492990505,0
2024-12-03 12:00:50.117087,41.65850474982715,99.79758485374845,242.8649412647249,0
2024-12-03 11:59:50.117088,56.53254882486362,73.047812502245,233.66923020088595,0
2024-12-03 11:58:50.117089,55.40934017884756,62.79394854415738,254.15430546922377,0
2024-12-03 11:57:50.117089,53.85508861010931,65.67707732000139,178.14666155398808,0
2024-12-03 11:56:50.117090,50.461888679831915,75.73391280473724,140.51757397971764,0
2024-12-03 11:55:50.117091,34.76444214073389,69.49151697004282,222.57535734852425,0
2024-12-03 11:54:50.117091,43.7428489745842,53.89014886890771,196.27796004454146,0
2024-12-03 11:53:50.117092,53.53794311237463,47.66724246708725,191.5580834211907,0
2024-12-03 11:52:50.117093,57.855491094404655,74.49877226420351,227.9198067146129,0
2024-12-03 11:51:50.117094,38.184087337894574,100.0,209.1192819032368,0
2024-12-03 11:50:50.117094,61.218400087648234,63.70330633250583,238.99266171831383,1
2024-12-03 11:49:50.117095,55.27083946269062,59.35468452064597,97.88837751002906,0
2024-12-03 11:48:50.117096,53.79170475168908,70.47201467401503,214.8314830395389,0
2024-12-03 11:47:50.117096,35.072956471915944,96.23907206599168,200.02790467792937,0
2024-12-03 11:46:50.117097,60.4869647597101,61.22598112735875,231.7071678790131,0
2024-12-03 11:45:50.117098,51.72860898483568,81.93847219802883,205.4861491887983,0
2024-12-03 11:44:50.117099,54.92974107221053,74.35651334566316,96.7798818081113,0
2024-12-03 11:43:50.117099,64.26390576465268,74.54807835071387,196.37652413845507,1
2024-12-03 11:42:50.117100,38.71248041103197,53.39052213234485,193.38977410050433,1
2024-12-03 11:41:50.117101,35.118208692001986,77.45229377326004,197.58606512099266,0
2024-12-03 11:40:50.117101,47.97211332898793,46.75009223053016,262.9232486793896,0
2024-12-03 11:39:50.117102,49.934189992891405,85.07563061037106,309.3977994403057,0
2024-12-03 11:38:50.117103,46.74852154896061,74.33364922071748,95.11226371142118,0
2024-12-03 11:37:50.117103,35.69605028978509,56.17830025126553,162.83155824347475,0
2024-12-03 11:36:50.117104,39.45074333301686,62.47845124857827,163.2665304665939,0
2024-12-03 11:35:50.117105,28.73669759994355,100.0,221.3513410632952,0
2024-12-03 11:34:50.117106,73.05036548083339,45.84908729227624,158.16028510420344,0
2024-12-03 11:33:50.117106,51.15447603559497,90.5806634902203,208.74628016707655,0
2024-12-03 11:32:50.117107,54.567845740637296,51.102271251295726,154.31473282834892,0
2024-12-03 11:31:50.117108,54.64277030468049,62.45680060097001,179.450211094809,0
2024-12-03 11:30:50.117108,41.44277000067135,80.9750466240163,229.2520639999093,0
2024-12-03 11:29:50.117109,43.230978290669846,73.80480526128959,199.99530081798986,0
2024-12-03 11:28:50.117110,46.44016106799678,65.7041022550367,233.23862451784765,0
2024-12-03 11:27:50.117111,48.51790892639197,61.67610277542411,99.46307875393016,0
2024-12-03 11:26:50.117111,44.55257681008921,62.93022153422627,110.9157858767865,0
2024-12-03 11:25:50.117112,54.83130114909263,100.0,217.00075320830598,0
2024-12-03 11:24:50.117113,36.012886815903,77.65451804747566,229.88808820051406,0
2024-12-03 11:23:50.117113,40.843456162009275,61.44535085456393,166.8182419623754,0
2024-12-03 11:22:50.117114,72.90209609142593,67.65496652316257,227.96187621784392,0
2024-12-03 11:21:50.117115,49.60775810160628,84.3811170173205,187.8541393524149,0
2024-12-03 11:20:50.117116,49.02059571039846,82.42430602833235,127.07455457542993,0
2024-12-03 11:19:50.117116,61.17590630066297,74.17565571234428,144.48276342870716,0
2024-12-03 11:18:50.117117,62.8445088917636,60.35642410864934,196.68262028362983,0
2024-12-03 11:17:50.117118,57.768433534680355,93.43747394310243,181.1454480683051,0
2024-12-03 11:16:50.117118,50.81506967926965,80.21814974502767,231.0144812742543,0
2024-12-03 11:15:50.117119,57.91147358428085,76.70621269895933,224.16545323982237,0
2024-12-03 11:14:50.117120,55.5845159738537,51.85710552882101,120.05032670108243,0
2024-12-03 11:13:50.117121,56.34012932160387,100.0,317.125891053165,0
2024-12-03 11:12:50.117121,56.26696558077349,80.40476346612462,240.92578795132098,0
2024-12-03 11:11:50.117122,68.06820331052863,88.23944686099324,199.22664977133408,0
2024-12-03 11:10:50.117123,44.36157083176536,48.87759304977033,160.95405516362516,0
2024-12-03 11:09:50.117123,65.43919563393575,48.970337768031385,292.44354405072994,0
2024-12-03 11:08:50.117124,43.33192083899756,76.49025316910104,175.2593602155465,0
2024-12-03 11:07:50.117125,59.75710843574402,59.36218499021744,239.4551298107369,0
2024-12-03 11:06:50.117125,39.93453578086278,47.56346693072058,198.2064304732293,0
2024-12-03 11:05:50.117126,51.6125625861732,70.37163854930087,150.9723055890295,0
2024-12-03 11:04:50.117127,47.73011868594871,76.94540551257438,208.25169900668334,0
2024-12-03 11:03:50.117128,40.1354518653947,60.86254412515017,276.82956055587107,0
2024-12-03 11:02:50.117128,48.97235118306308,55.60047502106824,135.04290945072285,0
2024-12-03 11:01:50.117129,43.46933897384581,57.475046155751045,245.63019081676103,0
2024-12-03 11:00:50.117130,49.7516751658655,72.41917050759838,161.4772668456586,0
2024-12-03 10:59:50.117130,55.71379555603864,92.93072473759156,186.98129587165738,0
2024-12-03 10:58:50.117131,44.042141326892065,100.0,98.22319403546686,0
2024-12-03 10:57:50.117132,35.61559529424968,73.07152801464414,243.54778887584922,0
2024-12-03 10:56:50.117132,50.34128677788756,63.44383392181531,151.35606840018173,0
2024-12-03 10:55:50.117133,39.82689170595136,56.002901876161125,269.6033609496726,0
2024-12-03 10:54:50.117134,56.645842413132094,58.87033408296607,178.06170845985784,0
2024-12-03 10:53:50.117135,36.85521704163823,71.00647396685365,135.20900785177227,0
2024-12-03 10:52:50.117135,65.91458814777084,67.59980268398479,284.6446273852252,0
2024-12-03 10:51:50.117136,67.58851993326803,100.0,149.11773179624902,0
2024-12-03 10:50:50.117137,27.242255592058356,78.12836679660994,145.19368089985363,0
2024-12-03 10:49:50.117137,58.71335203764077,65.25583584796244,224.79517925572816,0
2024-12-03 10:48:50.117138,51.442607850413864,81.68138527037065,210.07327364155407,0
2024-12-03 10:47:50.117139,69.42875664828341,78.29310586438427,225.2990469200874,0
2024-12-03 10:46:50.117139,49.600953340921116,84.17520793497678,282.5385053103113,0
2024-12-03 10:45:50.117140,63.15719224692156,91.28189019460706,230.14774060434203,0
2024-12-03 10:44:50.117141,62.10068561609205,61.035751169441035,224.55562930039176,0
2024-12-03 10:43:50.117142,39.75905221080607,77.06185779987572,138.30004907825204,1
2024-12-03 10:42:50.117142,46.2303744058605,35.4368624412515,171.76015655951724,1
2024-12-03 10:41:50.117143,44.46496486202784,69.2173963568499,201.31297587912107,0
2024-12-03 10:40:50.117144,65.28800300444522,73.44177702715803,212.6822161265887,0
2024-12-03 10:39:50.117144,61.6503120204339,72.73105012093305,215.53655763493546,0
2024-12-03 10:38:50.117145,57.64829321432036,70.53694049630003,166.0053709511505,0
2024-12-03 10:37:50.117146,48.51129645213741,67.33260790734971,255.53573274634942,0
2024-12-03 10:36:50.117147,50.34277419154125,55.72634577051338,235.43386191870303,0
2024-12-03 10:35:50.117147,42.91399019651737,89.76514372969802,197.39241533025367,0
2024-12-03 10:34:50.117148,57.89452391737977,79.04378330251815,131.31869367301402,0
2024-12-03 10:33:50.117149,53.3206394532416,69.09605123048358,122.17511217372386,0
2024-12-03 10:32:50.117149,41.9289693201914,60.64160993289378,155.83788967930946,0
2024-12-03 10:31:50.117150,35.40192075788227,70.39532398238879,225.83558455412162,0
2024-12-03 10:30:50.117151,47.42699404401326,52.922967335755104,211.59686252375587,0
2024-12-03 10:29:50.117151,43.31233952367131,51.880680320434976,158.90051053870292,0
2024-12-03 10:28:50.117152,43.55511207682571,100.0,212.9532168417696,0
2024-12-03 10:27:50.117153,51.27541229152107,59.4240253271089,128.5592104444696,0
2024-12-03 10:26:50.117154,43.08728192124324,66.90529892147889,164.23612029035687,0
2024-12-03 10:25:50.117154,57.16549250486103,79.76389335276558,234.1418329476083,0
2024-12-03 10:24:50.117155,52.84785871329149,74.94154670632301,219.6613122318577,0
2024-12-03 10:23:50.117156,43.95246232917361,77.76565651297571,183.4309985464908,0
2024-12-03 10:22:50.117156,53.34990698141716,63.99664231359803,238.5359948964492,0
2024-12-03 10:21:50.117157,46.56974203055814,51.65291098617976,134.61460146069118,1
2024-12-03 10:20:50.117158,48.32428751984909,47.24854923088819,234.92034358701335,0
2024-12-03 10:19:50.117158,49.80376530132093,38.545370103569624,187.2749785462322,0
2024-12-03 10:18:50.117159,65.95960168061379,59.606196599594846,292.51885854734064,0
2024-12-03 10:17:50.117160,45.585288488862744,87.85672928302046,214.86788635468773,0
2024-12-03 10:16:50.117161,71.44524091062306,54.10141348256696,211.49043376176098,0
2024-12-03 10:15:50.117161,36.9632751254856,59.29986625609543,259.702660697861,0
2024-12-03 10:14:50.117162,43.82142726912451,83.28304689140882,218.57147705428764,0
2024-12-03 10:13:50.117163,26.859824543785045,69.45549586468684,235.91173891226003,0
2024-12-03 10:12:50.117163,52.170007642688525,71.03504955471907,194.83801861309428,0
2024-12-03 10:11:50.117164,44.21656880166116,66.2629400227849,197.75388194533235,0
2024-12-03 10:10:50.117165,66.0000254272352,46.68755046617753,267.4091402556604,0
2024-12-03 10:09:50.117166,60.18350165011428,56.900340531049025,235.50480558826322,0
2024-12-03 10:08:50.117166,62.702847923136964,73.90770854602854,211.57941250699295,0
2024-12-03 10:07:50.117167,50.691659231274194,76.76959574682772,238.60824354691653,1
2024-12-03 10:06:50.117168,45.821148301840076,77.37510501959343,120.51539391989316,0
2024-12-03 10:05:50.117168,64.7364693770665,64.51544870415498,171.00298032062346,0
2024-12-03 10:04:50.117169,38.784195045553815,92.74550879585045,318.0854227277666,0
2024-12-03 10:03:50.117170,45.5985550970291,66.24685642799328,202.95157210766536,1
2024-12-03 10:02:50.117170,38.92596081077223,56.59239875785916,177.09081315923376,0
2024-12-03 10:01:50.117171,52.18857055496045,56.19575494416597,220.11660495748725,0
2024-12-03 10:00:50.117172,42.807739944539065,56.9802184237521,157.57376629192566,0
2024-12-03 09:59:50.117173,68.48596283414119,64.84432532826845,205.73843240401695,0
2024-12-03 09:58:50.117173,47.65952128962061,82.8414054981293,277.63446576067736,0
2024-12-03 09:57:50.117174,70.16505758536343,100.0,157.8725661466732,0
2024-12-03 09:56:50.117175,50.64716051817339,57.91811609226156,142.51927269204464,0
2024-12-03 09:55:50.117175,36.89188169169315,69.53624801864032,196.9839949158052,0
2024-12-03 09:54:50.117176,45.95289707580711,42.26964846585613,283.804365992481,0
2024-12-03 09:53:50.117177,47.881881762226925,81.06575914417706,179.61632850326507,0
2024-12-03 09:52:50.117178,53.90635865558779,30.911560398359683,211.78352671833065,0
2024-12-03 09:51:50.117178,56.555028666651985,56.41103556736565,266.65008543631376,0
2024-12-03 09:50:50.117179,43.95719436000078,56.04077906769574,304.65590813420613,0
2024-12-03 09:49:50.117180,40.51360187992566,71.71177975556063,232.73232878590477,0
2024-12-03 09:48:50.117180,63.03455408630401,88.56809834088611,111.45068861978514,0
2024-12-03 09:47:50.117181,56.326883602306,85.35321663819633,275.77020219902903,0
2024-12-03 09:46:50.117182,57.2273704406508,83.75047830722859,260.12514697156865,0
2024-12-03 09:45:50.117182,49.097511483312616,100.0,242.26094047612997,0
2024-12-03 09:44:50.117183,34.400029363362215,42.142973069862606,222.15732487304697,0
2024-12-03 09:43:50.117184,46.825911746188744,64.83196486492247,292.46776925470647,0
2024-12-03 09:42:50.117185,54.6020236821198,100.0,184.83492108344313,0
2024-12-03 09:41:50.117185,46.09417561559852,65.6002507295303,257.08762761826875,0
2024-12-03 09:40:50.117186,61.47717516270812,52.78232615585193,151.11980873407828,0
2024-12-03 09:39:50.117187,60.03781937762244,67.10925213607626,181.9333315618469,0
2024-12-03 09:38:50.117187,32.430996064497805,88.63306091577186,214.75526028423187,0
2024-12-03 09:37:50.117188,42.19650153507619,88.36082616445307,215.8905610580082,0
2024-12-03 09:36:50.117189,58.86025100439575,66.9401375774404,264.0615543782821,0
2024-12-03 09:35:50.117189,48.006465958965045,48.4602519586679,202.30684512074598,0
2024-12-03 09:34:50.117190,43.43076140420001,77.33862263100018,232.02200194057207,0
2024-12-03 09:33:50.117191,48.8146831118117,73.61893896284964,234.74654277883366,0
2024-12-03 09:32:50.117192,44.173108537019644,52.22170587136101,219.22804590911306,0
2024-12-03 09:31:50.117192,41.825080019793106,70.43648741459725,189.50900515928808,0
2024-12-03 09:30:50.117193,57.91535951541372,63.357674125964145,186.2608652581896,1
2024-12-03 09:29:50.117194,73.36233220696266,82.6693151640932,182.10361736325228,1
2024-12-03 09:28:50.117195,52.28166480905719,56.86275650051256,237.5270947698379,0
2024-12-03 09:27:50.117195,63.994594644500424,35.6415575112886,304.6295155662899,0
2024-12-03 09:26:50.117196,48.41827881281399,68.94290002873812,142.21190292241118,0
2024-12-03 09:25:50.117197,51.91055485456941,61.179632644789876,219.967920816443,0
2024-12-03 09:24:50.117197,68.47309161349473,62.39091628313332,253.20214747142924,1
2024-12-03 09:23:50.117198,58.89131015490146,76.52266892119366,217.71601820549012,0
2024-12-03 09:22:50.117199,58.522105141066504,72.96808095611692,184.4820087378125,0
2024-12-03 09:21:50.117200,35.78750754155311,62.041139521112925,362.84593991592976,0
2024-12-03 09:20:50.117200,41.416753060831695,100.0,219.14740988505193,0
2024-12-03 09:19:50.117201,59.80304508203163,74.13925795199053,135.0256293722224,0
2024-12-03 09:18:50.117202,43.30230164257343,76.15782036902922,179.47371083256579,1
2024-12-03 09:17:50.117202,42.65720243041005,77.75422446528245,214.51553981845655,0
2024-12-03 09:16:50.117203,44.971146557132066,50.18235747301733,89.1341758617784,0
2024-12-03 09:15:50.117204,52.372673375700316,75.66974734762711,292.4780405569223,0
2024-12-03 09:14:50.117204,55.855100250070976,76.9957446193805,218.7073933323321,0
2024-12-03 09:13:50.117205,48.84315250820413,56.45166670604182,178.15668301918495,0
2024-12-03 09:12:50.117206,63.44865268205631,64.93754580362865,149.07962433891728,0
2024-12-03 09:11:50.117207,54.42148349843188,54.67269179583799,187.03005624476705,0
2024-12-03 09:10:50.117207,55.13149861625019,55.204291402629195,225.64313261405988,0
2024-12-03 09:09:50.117208,58.63778689346334,23.301217873105124,177.04312347346655,0
2024-12-03 09:08:50.117209,42.72235904846066,48.396413958805084,302.00110787688357,0
2024-12-03 09:07:50.117209,40.60446898929512,40.49397133328513,226.37033345390157,0
2024-12-03 09:06:50.117210,41.44793535535531,77.91823897045187,100.494567551259,0
2024-12-03 09:05:50.117211,43.10360287939772,58.52327999864405,132.65720402339826,0
2024-12-03 09:04:50.117211,59.08152216699025,54.03578509856927,222.64253234075403,0
2024-12-03 09:03:50.117212,46.28597857257476,77.67340227512938,168.36794146434607,0
2024-12-03 09:02:50.117213,50.876947080823534,58.21274362489538,243.03777440499584,0
2024-12-03 09:01:50.117214,44.38301824691432,92.10110145954613,293.23314335849443,0
2024-12-03 09:00:50.117214,49.47897293062865,48.87259778589219,148.87598869742385,0
2024-12-03 08:59:50.117215,57.422030451692834,87.96387870032027,272.82010493912117,0
2024-12-03 08:58:50.117216,43.64775943909463,65.88139950196077,188.98928072084558,0
2024-12-03 08:57:50.117216,46.106668950326345,100.0,256.8625920981021,1
2024-12-03 08:56:50.117217,42.567388350618685,64.75076720558536,164.58055561896833,0
2024-12-03 08:55:50.117218,56.02383136660939,72.55306576729006,236.09241297874786,0
2024-12-03 08:54:50.117218,64.91849661548252,75.4918077755013,254.8370457780344,0
2024-12-03 08:53:50.117219,43.89614728135281,73.03332599382661,241.2320590290422,0
2024-12-03 08:52:50.117220,48.613946013194365,72.08829331594956,180.9676600859283,0
2024-12-03 08:51:50.117221,45.23026925274616,56.54517736400364,253.97019859762997,0
2024-12-03 08:50:50.117221,45.89981641849501,86.7844278349441,155.9410620386306,0
2024-12-03 08:49:50.117222,47.109308566543966,84.46004967278031,184.63220889585864,0
2024-12-03 08:48:50.117223,57.152346597003856,90.38209915514992,258.3920928931959,0
2024-12-03 08:47:50.117223,54.250565363465014,81.5753037885116,119.77655169419292,1
2024-12-03 08:46:50.117224,38.71823614316554,84.68613874837695,214.72944257776697,0
2024-12-03 08:45:50.117225,58.481113344121155,79.1965049291468,209.44793148267019,0
2024-12-03 08:44:50.117226,69.07071555941978,90.35271906266077,241.8202195080817,1
2024-12-03 08:43:50.117226,52.07747106990865,70.11321462324364,283.14025266876,0
2024-12-03 08:42:50.117227,39.49785452105713,71.4758521682781,292.7078509413044,0
2024-12-03 08:41:50.117228,40.05751269870015,43.90517365072044,189.11348365458394,0
2024-12-03 08:40:50.117228,63.42349875524883,60.42389354904414,194.8929890781622,0
2024-12-03 08:39:50.117229,39.75059565737144,77.9130058329928,148.1930204340412,0
2024-12-03 08:38:50.117230,56.80971070474748,57.92190292708373,218.697915854967,0
2024-12-03 08:37:50.117230,70.42877072494433,62.00386573637346,277.1807426106436,0
2024-12-03 08:36:50.117231,50.453314906087634,69.5442959018501,175.75972905797045,0
2024-12-03 08:35:50.117232,60.53781695749376,82.23465528147736,228.3114759874127,0
2024-12-03 08:34:50.117233,60.905656008808464,91.79238022488967,185.08463612624178,0
2024-12-03 08:33:50.117233,61.530824324764204,86.80977220230827,270.9573561569638,0
2024-12-03 08:32:50.117234,36.28880428301456,46.8196233503791,142.3979983062219,0
2024-12-03 08:31:50.117235,38.53706398560221,37.03883191214705,243.54545285433062,0
2024-12-03 08:30:50.117235,63.376614047841066,77.7038065526437,250.63355519065374,0
2024-12-03 08:29:50.117236,38.60347718313538,68.4544155923815,145.7941780513073,0
2024-12-03 08:28:50.117237,52.86279561795966,73.5287375851961,206.47497361812472,0
2024-12-03 08:27:50.117237,50.97980468223914,65.16711081090106,104.42594184651259,0
2024-12-03 08:26:50.117238,59.64170418715062,59.498218936737906,186.17757045686403,0
2024-12-03 08:25:50.117239,46.191162357136676,68.85342551759136,183.68907940065696,1
2024-12-03 08:24:50.117240,62.60156230546093,62.31011619662133,149.70771884499064,0
2024-12-03 08:23:50.117240,47.25635812541878,63.70229757055714,141.60415183408006,0
2024-12-03 08:22:50.117241,44.16678359753688,92.90881263768036,189.23424130814678,0
2024-12-03 08:21:50.117242,59.79427451092204,56.74139437842702,218.9916973413312,0
2024-12-03 08:20:50.117242,57.28641083941818,57.938856976253504,162.43522447730635,0
2024-12-03 08:19:50.117243,55.569398121385355,72.3892547614953,111.12565847382054,0
2024-12-03 08:18:50.117244,54.6746582879651,67.20765251090957,216.94905665308016,0
2024-12-03 08:17:50.117245,35.67969153879236,69.51117159156166,157.3972719003596,0
2024-12-03 08:16:50.117245,48.24978885476822,79.58229816595859,133.97486223985305,0
2024-12-03 08:15:50.117246,39.836404193860595,76.55817676275976,185.44034651312913,0
2024-12-03 08:14:50.117247,67.08382660084766,61.30924801752691,237.97262990265224,0
2024-12-03 08:13:50.117247,48.113746996534665,55.8571729161308,258.583553991041,0
2024-12-03 08:12:50.117248,36.22296520710423,85.10506350561897,266.2720735366247,0
2024-12-03 08:11:50.117249,49.12617277440086,83.77951897234925,148.85022725564716,0
2024-12-03 08:10:50.117250,51.690512861460974,69.13562824244745,209.33271975201893,0
2024-12-03 08:09:50.117250,48.49872875091001,85.77121014063496,230.75181996683082,0
2024-12-03 08:08:50.117251,52.02970171112108,52.52282763510007,257.5905068002069,0
2024-12-03 08:07:50.117252,46.60850373017185,56.41172714268851,262.02756523236764,1
2024-12-03 08:06:50.117252,73.53393716253798,76.56757040980133,151.53605568719644,0
2024-12-03 08:05:50.117253,58.22304966976939,49.364369767374626,143.7170301768798,0
2024-12-03 08:04:50.117254,43.35049380757063,68.82066368906543,244.90565057238646,0
2024-12-03 08:03:50.117254,39.828560698025406,52.16907464041163,289.7202610839782,0
2024-12-03 08:02:50.117255,62.103757511017086,61.11200551193746,216.10889623022967,0
2024-12-03 08:01:50.117256,57.7207453320736,74.16260626731209,145.73493419812215,0
2024-12-03 08:00:50.117257,51.64402888743944,58.78630671558241,213.18887472671636,0
2024-12-03 07:59:50.117257,42.63290412856285,84.82153144411836,168.12117926707322,0
2024-12-03 07:58:50.117258,50.35771419542053,46.83983328129614,340.0596717582248,0
2024-12-03 07:57:50.117259,33.76681484885792,58.465459015172456,229.9692734583511,0
2024-12-03 07:56:50.117259,46.617639279894924,61.824359158407674,353.1236635812513,0
2024-12-03 07:55:50.117260,47.10687640759902,91.09942168096555,228.1933557648168,0
2024-12-03 07:54:50.117261,55.99430249128256,51.1303175347348,156.636763200734,0
2024-12-03 07:53:50.117261,61.36192165053478,87.2424509627966,261.8636219726332,0
2024-12-03 07:52:50.117262,53.59357760164732,73.00198985828423,353.62995244076035,1
2024-12-03 07:51:50.117263,43.66721979332242,57.3618573986234,170.06115060990945,0
2024-12-03 07:50:50.117264,58.37880717018377,68.28760772036709,187.1194210368524,0
2024-12-03 07:49:50.117264,45.627238712042036,92.46339530914501,208.8163225313606,0
2024-12-03 07:48:50.117265,45.18811699632485,66.29450171196353,182.0623145485093,0
2024-12-03 07:47:50.117266,45.857441438375126,67.14093901754794,159.7909447742786,0
2024-12-03 07:46:50.117266,54.4377779872848,64.49729781756311,236.5674777700847,0
2024-12-03 07:45:50.117267,55.13567684573596,83.63745403603885,236.98437519198285,0
2024-12-03 07:44:50.117268,66.78549467100443,59.81002365285836,161.61946715848924,0
2024-12-03 07:43:50.117269,50.09218584743569,86.54947618204118,225.2963706902003,0
2024-12-03 07:42:50.117269,40.85684545106079,48.06906101037092,194.138664531786,0
2024-12-03 07:41:50.117270,48.09033847064709,62.13667396398873,165.29256340692942,0
2024-12-03 07:40:50.117271,60.20004478526174,59.7678906946523,166.88620647123253,0
2024-12-03 07:39:50.117271,49.18427516110893,53.87530934588603,190.37317555278588,0
2024-12-03 07:38:50.117272,45.0762842277815,69.7352673588918,254.3707349536068,0
2024-12-03 07:37:50.117273,63.96679843180779,72.97724785730877,142.7965980296953,0
2024-12-03 07:36:50.117273,37.913052708420366,58.19925843597878,112.62513245953166,0
2024-12-03 07:35:50.117274,47.6280155992833,63.458522162273894,135.25596977637974,0
2024-12-03 07:34:50.117275,60.65940235958764,59.10627939711166,124.8709882606358,0
2024-12-03 07:33:50.117275,32.086356801677226,59.155595032527046,189.21241584370205,1
2024-12-03 07:32:50.117276,32.926168747191284,66.79142600144644,183.16112178520706,0
2024-12-03 07:31:50.117277,45.42354413416618,83.15247284593848,152.9031013956274,0
2024-12-03 07:30:50.117278,40.96339979187287,68.8127301549693,237.05045372564643,0
2024-12-03 07:29:50.117278,50.329521118788946,83.56084992417183,148.28713650289575,0
2024-12-03 07:28:50.117279,48.444115072730625,96.20666973337916,154.54251675430237,0
2024-12-03 07:27:50.117280,37.084284334280355,58.972894036286746,184.08177513956846,0
2024-12-03 07:26:50.117280,33.92045112882309,56.433097667721555,219.85912801513643,0
2024-12-03 07:25:50.117281,52.42345271455355,60.39234925269846,145.66279307010416,0
2024-12-03 07:24:50.117282,62.624453418605086,73.60538529345787,227.45146342924974,0
2024-12-03 07:23:50.117282,52.2554541707865,89.74102756902184,150.22698363846342,0
2024-12-03 07:22:50.117283,59.18902813388979,86.18375892405929,166.24489168577045,0
2024-12-03 07:21:50.117284,51.7077285978413,68.54196628770161,235.30948817965464,0
2024-12-03 07:20:50.117285,52.736012336831074,67.40014580685413,221.84941688040243,0
2024-12-03 07:19:50.117285,34.58824589130565,55.49812021257728,165.33173724514478,0
2024-12-03 07:18:50.117286,42.9594507179271,56.28250223735314,128.13764341982778,0
2024-12-03 07:17:50.117287,56.84638055400841,100.0,221.19710789556976,0
2024-12-03 07:16:50.117287,40.291095547226305,81.35079619598564,295.48307234392576,0
2024-12-03 07:15:50.117288,28.054590336685678,90.7378985348236,219.65182398907498,0
2024-12-03 07:14:50.117289,53.18685618496994,52.20201799043598,180.8579960156205,0
2024-12-03 07:13:50.117290,53.91646762696661,80.11145994569239,206.70464486450646,0
2024-12-03 07:12:50.117290,52.98992173857953,77.16317805449826,266.93394995843465,0
2024-12-03 07:11:50.117291,50.889322808395576,87.41772022943297,121.12579240160638,0
2024-12-03 07:10:50.117292,65.93519623068734,75.08196978052993,129.16469619392126,0
2024-12-03 07:09:50.117292,38.073608143625265,59.81803737533956,158.4835793087483,0
2024-12-03 07:08:50.117293,79.01658413018464,65.87643982965803,183.14514532777335,0
2024-12-03 07:07:50.117294,44.89645306779793,75.4994429708586,227.93525762777682,0
2024-12-03 07:06:50.117294,62.22364831027375,68.65625652248441,43.332950421838234,0
2024-12-03 07:05:50.117295,53.08448848841795,55.34253981957717,206.6866452537996,0
2024-12-03 07:04:50.117296,50.99706435563428,39.103705567018594,177.76777255457543,0
2024-12-03 07:03:50.117297,61.026417785363016,53.769993178555865,186.82564596129222,0
2024-12-03 07:02:50.117297,61.1666309355612,59.53787107611779,174.63732591397235,0
2024-12-03 07:01:50.117298,65.0338384416967,60.325508393652214,250.45958824736493,0
2024-12-03 07:00:50.117299,27.869641676446943,83.58547404320124,196.6092140409968,0
2024-12-03 06:59:50.117299,24.21535354881208,79.65602816465027,139.58009668175248,0
2024-12-03 06:58:50.117300,40.17071686779457,75.52255227016924,183.66945018273086,0
2024-12-03 06:57:50.117301,48.735274665003125,82.59787711760643,300.23572725713075,0
2024-12-03 06:56:50.117301,50.72068128524042,49.3751070316235,220.09063658829723,0
2024-12-03 06:55:50.117302,47.18981391696354,86.8503472733783,206.7623659710175,0
2024-12-03 06:54:50.117303,51.09055392161138,82.61495062789557,228.11993190661372,0
2024-12-03 06:53:50.117304,71.34289320328114,83.93416900219141,292.3354256939498,0
2024-12-03 06:52:50.117304,77.73649739092406,77.92443310368772,237.5302794108949,0
2024-12-03 06:51:50.117305,47.58624930497442,65.17154602582693,157.97659783510545,0
2024-12-03 06:50:50.117306,41.459276479019934,63.1282372847014,209.8018822391577,0
2024-12-03 06:49:50.117306,48.87106328202837,73.85315236146226,257.52024015487524,0
2024-12-03 06:48:50.117307,60.241874407143726,40.16508655313856,48.87815644319201,0
2024-12-03 06:47:50.117308,46.00819618769116,62.22698220302355,219.67279970606742,0
2024-12-03 06:46:50.117308,54.346160808263,37.46443005966773,297.61371544267257,0
2024-12-03 06:45:50.117309,75.53179609419158,54.772254902213454,122.88460211185985,0
2024-12-03 06:44:50.117310,63.0959014825022,88.39824400584958,142.38479303707825,0
2024-12-03 06:43:50.117311,35.60504713205093,78.68064768384012,135.59060443086554,0
2024-12-03 06:42:50.117311,72.40637926191027,74.59712093974667,156.57700441030136,0
2024-12-03 06:41:50.117312,49.19428266684917,71.90330582733748,178.0109546167434,0
2024-12-03 06:40:50.117313,50.961466909761505,98.53701646209784,247.3340934998844,0
2024-12-03 06:39:50.117313,61.493336644235185,54.42685018389767,271.7162141599486,0
2024-12-03 06:38:50.117314,60.78340148409855,79.64112492291314,191.25511510268734,0
2024-12-03 06:37:50.117315,56.75713508797823,59.747866284844385,119.90926101323906,0
2024-12-03 06:36:50.117316,52.68032009958635,80.21840658205883,213.86922762629823,0
2024-12-03 06:35:50.117316,55.49603991264685,60.50462866702534,187.27598501595776,0
2024-12-03 06:34:50.117317,67.16604480860714,11.409676562174745,142.92207202623268,0
2024-12-03 06:33:50.117318,61.49991092206231,65.31771741039339,328.2217907558985,0
2024-12-03 06:32:50.117318,76.71572246636951,78.35642830870032,210.6037336749854,0
2024-12-03 06:31:50.117319,46.836700754695784,68.61012738800287,278.0286422551811,0
2024-12-03 06:30:50.117320,53.448083932540115,100.0,147.8587598551232,0
2024-12-03 06:29:50.117320,55.7710066390933,81.35387137955843,270.0976701681105,0
2024-12-03 06:28:50.117321,62.41741505054703,65.59171082231238,169.40937204707754,0
2024-12-03 06:27:50.117322,54.4763424823387,55.18604525188909,213.70503589166037,0
2024-12-03 06:26:50.117323,41.92300852271585,77.6939542187849,200.1140818539893,0
2024-12-03 06:25:50.117323,43.955382065953614,76.66846788632648,272.03391497486064,0
2024-12-03 06:24:50.117324,51.89994494300763,59.081142939170476,137.431061116695,0
2024-12-03 06:23:50.117325,48.51587561217066,72.04422807387323,228.21483897267257,0
2024-12-03 06:22:50.117325,40.49141370214245,83.87027009196423,175.10902618829482,0
2024-12-03 06:21:50.117326,62.876578606299965,27.635011218051922,140.98060688377637,0
2024-12-03 06:20:50.117327,50.869088673830824,73.74178354599543,286.7701260109185,0
2024-12-03 06:19:50.117327,43.92556526039832,57.70776384230721,194.32098483125992,0
2024-12-03 06:18:50.117328,56.48778032437018,48.78421077304348,234.58051425690547,0
2024-12-03 06:17:50.117329,47.00652240225421,74.61213813185047,110.23268898508515,0
2024-12-03 06:16:50.117330,55.083452559630246,51.777888978072916,230.1724647372356,0
2024-12-03 06:15:50.117330,57.97442945800785,76.50695333750728,158.62426625701602,0
2024-12-03 06:14:50.117331,46.236674095356705,69.0249978219554,183.92416086977602,0
2024-12-03 06:13:50.117332,49.85463019605582,73.93101958770863,224.50109454964593,0
2024-12-03 06:12:50.117332,47.788536785042076,100.0,300.41043776502147,0
2024-12-03 06:11:50.117333,38.61873455999017,73.396353228518,232.5372028527178,0
2024-12-03 06:10:50.117334,60.36669069724563,72.22755333818327,184.9830085476563,0
2024-12-03 06:09:50.117335,50.762206716944654,70.37408619754756,216.8798312322709,0
2024-12-03 06:08:50.117335,55.28662855439584,68.79888588114991,204.10529722513962,0
2024-12-03 06:07:50.117336,45.38090528495792,62.59916050284817,217.26835973074563,0
2024-12-03 06:06:50.117337,54.70448348569456,60.014953785017795,171.58469102007385,1
2024-12-03 06:05:50.117337,57.826457669689965,87.94266211836356,224.15140968756822,0
2024-12-03 06:04:50.117338,45.83510843839214,100.0,161.84751712025945,1
2024-12-03 06:03:50.117339,47.727434495454865,46.40962813649686,150.28805681888514,0
2024-12-03 06:02:50.117339,52.61262115378943,99.16451073947191,140.8690547188009,0
2024-12-03 06:01:50.117340,47.5560726932951,62.980479757585286,231.04044379250132,0
2024-12-03 06:00:50.117341,44.73509704226049,100.0,209.58319880930256,0
2024-12-03 05:59:50.117342,47.53444546252139,74.98809746172861,180.9612503100375,1
2024-12-03 05:58:50.117342,45.26157001229038,89.1002908915223,201.18395731074014,0
2024-12-03 05:57:50.117343,53.92650411275575,62.08720408455021,98.49645022288112,0
2024-12-03 05:56:50.117344,67.65288789412465,63.39019206295022,284.7943674602792,0
2024-12-03 05:55:50.117344,58.79278969816964,81.19734870454508,146.15801635956342,0
2024-12-03 05:54:50.117345,47.614396233345104,93.48100358810572,214.50929339668772,0
2024-12-03 05:53:50.117346,41.24857783051834,38.14593756877623,219.52983485018072,0
2024-12-03 05:52:50.117346,64.01192251616897,65.57164219742985,199.17734518914259,0
2024-12-03 05:51:50.117347,51.78372919190004,52.76699297300806,212.10152481816718,0
2024-12-03 05:50:50.117348,61.65859255811829,71.2735012274284,173.30194044555714,0
2024-12-03 05:49:50.117348,68.06506703777816,62.96389590971333,309.26650976914914,0
2024-12-03 05:48:50.117349,39.625167599515535,91.19949632584189,181.25025349437774,0
2024-12-03 05:47:50.117353,48.69416554506996,65.04650208218474,231.14850536423194,0
2024-12-03 05:46:50.117354,50.14568629790016,47.46964743853283,207.89739852175478,0
2024-12-03 05:45:50.117355,27.577213091582855,60.73386790954345,102.6668328751197,1
2024-12-03 05:44:50.117356,47.548434763793914,59.040363342730124,213.24598559942476,0
2024-12-03 05:43:50.117356,45.542383698768205,82.36175994521395,139.20303360546006,0
2024-12-03 05:42:50.117357,71.40177026402492,63.95562093339254,110.320197345472,0
2024-12-03 05:41:50.117358,40.32245422229473,66.14244998197388,83.58129001736589,0
2024-12-03 05:40:50.117358,52.37453515478794,73.55544043570409,167.8608783467555,0
2024-12-03 05:39:50.117359,53.299224965565415,78.61553357823516,194.33760536312397,0
2024-12-03 05:38:50.117360,59.728639422650204,73.09962653644375,178.70728449659012,0
2024-12-03 05:37:50.117361,56.07911477491606,75.35371613084047,157.13583184583405,0
2024-12-03 05:36:50.117361,61.68190963514313,63.630657118348225,159.3557012005914,0
2024-12-03 05:35:50.117362,54.125718601037235,73.85141650823508,179.2301857054489,0
2024-12-03 05:34:50.117363,40.4258334996877,77.37331884164165,212.81943444593665,0
2024-12-03 05:33:50.117363,37.73722039227703,96.50538444587517,224.28799328257483,0
2024-12-03 05:32:50.117364,51.16618854503445,56.83992642044504,175.5451864054851,0
2024-12-03 05:31:50.117365,46.00978182723229,65.35578928790657,286.64170349510437,0
2024-12-03 05:30:50.117365,65.98231207436683,66.03913702895791,234.4457498776531,0
2024-12-03 05:29:50.117366,43.77505133407753,79.88147985776773,210.7330300523622,0
2024-12-03 05:28:50.117367,50.41348574871901,61.379398911205364,191.89942123555363,0
2024-12-03 05:27:50.117368,53.19442407153039,60.63201983957906,266.5493048984299,0
2024-12-03 05:26:50.117368,42.762999348048716,75.00796297233722,136.65870276693389,0
2024-12-03 05:25:50.117369,57.399421182634256,37.8560420681689,174.23912166278816,0
2024-12-03 05:24:50.117370,45.73757093790673,70.98520390421102,203.70361790790253,0
2024-12-03 05:23:50.117370,47.662947619625925,47.4487174988612,181.2847696751342,0
2024-12-03 05:22:50.117371,50.62328750812493,58.600722723928534,188.47138228893178,1
2024-12-03 05:21:50.117372,51.99817539226723,61.71178570903612,153.60978109967573,0
2024-12-03 05:20:50.117372,61.79821798747544,46.347499392943504,168.19399845210924,0
2024-12-03 05:19:50.117373,54.87980640706148,76.18079799725629,257.27605083163314,0
2024-12-03 05:18:50.117374,69.43193463910607,63.63715365562092,196.44883716764244,0
2024-12-03 05:17:50.117375,42.41957002680937,90.92588005726131,196.96828305166667,0
2024-12-03 05:16:50.117375,58.82984697310594,92.24141890551188,182.61662554535246,0
2024-12-03 05:15:50.117376,43.80400118516588,61.01623420556421,286.548426275696,0
2024-12-03 05:14:50.117377,55.95905487211483,66.74641422488055,248.79097210162035,0
2024-12-03 05:13:50.117377,54.880800926030425,100.0,227.11988251981796,0
2024-12-03 05:12:50.117378,45.53374584643053,82.15874799497912,195.30832277148832,0
2024-12-03 05:11:50.117379,50.222367883371966,72.2683014783442,166.47487214926258,0
2024-12-03 05:10:50.117379,36.57875214449467,78.09598114050073,160.13632900929258,0
2024-12-03 05:09:50.117380,67.98394255228766,72.93390870784454,175.4872810729194,0
2024-12-03 05:08:50.117381,38.21374077435021,51.99742899969651,262.6551217725204,0
2024-12-03 05:07:50.117382,65.845764756295,81.19955915508984,310.6494449589682,0
2024-12-03 05:06:50.117382,52.25292178017805,85.44853148399756,272.275938459996,0
2024-12-03 05:05:50.117383,57.452497352815016,78.97759544888741,188.19640732781477,0
2024-12-03 05:04:50.117384,53.06956988120077,72.5828109182277,164.15896563376288,0
2024-12-03 05:03:50.117384,56.85971105600763,61.693912649705595,184.00017120838808,0
2024-12-03 05:02:50.117385,57.87857546423987,26.41603487784662,224.2152048677958,0
2024-12-03 05:01:50.117386,61.14655769935476,93.55948422935478,134.1068605361611,0
2024-12-03 05:00:50.117387,56.76529195679094,68.25147962467501,211.33134459824595,0
2024-12-03 04:59:50.117387,62.82327359006908,81.42317955673875,141.92229730748127,0
2024-12-03 04:58:50.117388,59.822132716335545,70.38070609629196,221.59182676337693,0
2024-12-03 04:57:50.117389,49.46839998137519,66.77779379311612,252.94984774627446,1
2024-12-03 04:56:50.117389,47.861549011191656,72.99698765604153,171.82430277392154,0
2024-12-03 04:55:50.117390,18.80594259175387,67.72477389714622,128.21542919179356,0
2024-12-03 04:54:50.117391,53.13776881193227,87.58082487447768,250.2459447959892,0
2024-12-03 04:53:50.117391,39.955399897487624,92.90514975391571,183.38598953650876,0
2024-12-03 04:52:50.117392,60.83291230290549,92.68582311353359,233.8099530012819,0
2024-12-03 04:51:50.117393,51.58609096191813,78.22877126854318,172.45335218690653,0
2024-12-03 04:50:50.117394,57.11501531219537,90.35103288086799,250.71870188759203,0
2024-12-03 04:49:50.117394,66.05881956543844,87.33293729614135,142.90483804409263,0
2024-12-03 04:48:50.117395,49.261065416983534,56.65385173771817,178.37118411667691,0
2024-12-03 04:47:50.117396,43.74195034548901,82.97018703985907,168.61490961532968,0
2024-12-03 04:46:50.117396,48.32970445210939,70.35821309139028,230.6340643077301,0
2024-12-03 04:45:50.117397,48.41807477318209,48.14295606526774,192.809129019705,0
2024-12-03 04:44:50.117398,66.33915619605719,71.79438689336958,110.01848785995797,0
2024-12-03 04:43:50.117398,63.21007067330547,34.888553564293204,144.36384539062425,0
2024-12-03 04:42:50.117399,50.112565863900436,77.8024456743764,131.3914566679459,0
2024-12-03 04:41:50.117400,61.33458729965122,63.20392316436421,208.99513954291007,0
2024-12-03 04:40:50.117401,45.692316917474884,47.93710381605159,243.37079128695387,0
2024-12-03 04:39:50.117401,37.7974831600103,50.99794159300798,146.75519864482953,0
2024-12-03 04:38:50.117402,54.31505982558911,75.7108316182681,171.7071699691835,0
2024-12-03 04:37:50.117403,67.68138453523837,79.54771801163159,145.39622397727766,0
2024-12-03 04:36:50.117403,60.44506979964504,81.61366267876295,134.30543502547224,0
2024-12-03 04:35:50.117404,44.93986527034606,64.06020950262447,174.90908257840383,0
2024-12-03 04:34:50.117405,42.37335595688244,66.97932235848266,292.34527813625124,0
2024-12-03 04:33:50.117406,67.4922177827673,81.04638728907031,282.32890943834724,0
2024-12-03 04:32:50.117406,56.5625102587719,79.42866139258669,217.62348762905455,0
2024-12-03 04:31:50.117407,49.3178839031711,45.593928308097716,177.83257026053423,0
2024-12-03 04:30:50.117408,43.3507692833068,79.13309145910569,176.1692306670192,0
2024-12-03 04:29:50.117408,54.19845061809602,59.548251921853876,222.99529155261214,1
2024-12-03 04:28:50.117409,61.72425159774652,58.013017587136645,168.63607917884445,0
2024-12-03 04:27:50.117410,54.830303635709214,69.12184847471865,200.48600918705375,0
2024-12-03 04:26:50.117410,49.285761379094666,59.122379095823305,161.51196069703582,0
2024-12-03 04:25:50.117411,53.298878426345894,67.40023545182204,175.34029668783663,0
2024-12-03 04:24:50.117412,42.500823546523876,87.57492800909657,277.460397402545,0
2024-12-03 04:23:50.117413,42.125641430399725,80.02017898258664,160.54781633414612,0
2024-12-03 04:22:50.117413,50.756570199333694,89.69622121722247,233.68284181176475,0
2024-12-03 04:21:50.117414,55.079150458338496,96.55770094609048,155.342735774853,0
2024-12-03 04:20:50.117415,61.44036746265901,91.14295451928025,179.28791216066506,0
2024-12-03 04:19:50.117415,56.79846819587253,76.19680810651866,231.5780778190812,0
2024-12-03 04:18:50.117416,65.4254104168012,78.24675356715822,217.9482953861667,0
2024-12-03 04:17:50.117417,44.18252658411302,65.13620255928383,250.0704737104034,0
2024-12-03 04:16:50.117417,48.569513631872965,68.6730199571927,139.43908247054938,0
2024-12-03 04:15:50.117418,42.271505355714126,97.45162507178304,234.2904292337094,0
2024-12-03 04:14:50.117419,44.77011148972029,63.544979178015424,200.35459783635972,0
2024-12-03 04:13:50.117420,57.011603641703275,61.57447318957564,287.0015862277296,0
2024-12-03 04:12:50.117420,35.79584330755533,75.37914303614897,194.4012015751066,0
2024-12-03 04:11:50.117421,46.105815461173755,61.09057765882199,223.883858136312,0
2024-12-03 04:10:50.117422,46.33473976988732,84.47601055590631,228.42548996634895,0
2024-12-03 04:09:50.117422,49.37784541446584,86.85785769143746,209.79812216708055,0
2024-12-03 04:08:50.117423,47.982039915480115,81.34979890150939,165.29182538208735,0
2024-12-03 04:07:50.117424,45.701814851306196,73.54505471615076,142.9414748069786,0
2024-12-03 04:06:50.117424,54.961277190481304,83.67215213384014,235.57176409195642,0
2024-12-03 04:05:50.117425,54.62004117598689,50.86821631340824,315.1074834964099,0
2024-12-03 04:04:50.117426,44.707766203079956,70.54210114695871,174.40168978039998,0
2024-12-03 04:03:50.117427,47.822966170875105,58.8924889925958,277.6646064483384,0
2024-12-03 04:02:50.117427,47.80412540194105,63.20818315639263,190.214603881405,0
2024-12-03 04:01:50.117428,59.37136849253973,100.0,148.83058728590282,0
2024-12-03 04:00:50.117429,62.5014912291157,70.82326803458317,249.2709180641661,0
2024-12-03 03:59:50.117429,59.47704221137319,58.091240697619945,185.9023161737933,0
2024-12-03 03:58:50.117430,43.20481097308606,47.643016744117574,143.91439059533104,0
2024-12-03 03:57:50.117431,42.18506986507825,52.34719466506127,168.46472973640778,0
2024-12-03 03:56:50.117431,68.05528039618737,89.34846693631187,111.14835052857566,0
2024-12-03 03:55:50.117432,63.895399131290446,79.54418660191867,151.4272272061414,0
2024-12-03 03:54:50.117433,61.94540063401339,50.5033028819716,185.2734998013552,0
2024-12-03 03:53:50.117434,57.20873320010237,75.06771927658342,279.57123935653124,0
2024-12-03 03:52:50.117434,69.81834035479886,39.99785599168022,228.414862810261,0
2024-12-03 03:51:50.117435,43.840462794076736,72.3330661327664,231.46463041730803,0
2024-12-03 03:50:50.117436,44.32978586951663,59.701691728412,145.0195057009235,0
2024-12-03 03:49:50.117436,46.82678415068974,94.07819698111933,242.0841607581171,1
2024-12-03 03:48:50.117437,51.273271199788475,63.82093780921403,223.14105901368288,0
2024-12-03 03:47:50.117438,41.03919089157372,65.05093878629818,184.80667532438028,0
2024-12-03 03:46:50.117438,55.63915610086231,41.63473901112951,176.05197937335257,1
2024-12-03 03:45:50.117439,42.63568400926297,66.57345823177654,184.14881516522826,0
2024-12-03 03:44:50.117440,55.41020940385765,34.96596031521116,162.98532839761248,0
2024-12-03 03:43:50.117441,42.63183142341283,84.01769646814142,158.01747619845935,0
2024-12-03 03:42:50.117441,52.24308636171353,67.66410792616645,162.11916523877608,0
2024-12-03 03:41:50.117442,62.622399718653114,73.04307769748753,163.76796790676167,0
2024-12-03 03:40:50.117443,37.284892621348575,68.99997928272215,122.61437489189598,0
2024-12-03 03:39:50.117443,52.942958468893046,60.35290512888082,159.92691745596554,0
2024-12-03 03:38:50.117444,45.16302846887998,69.64046139820296,103.35234912343059,0
2024-12-03 03:37:50.117445,53.17174647528331,54.80809033547301,258.6996611584733,0
2024-12-03 03:36:50.117445,53.227513207524815,76.72397233341945,240.34464684049033,0
2024-12-03 03:35:50.117446,45.99484894228144,74.0898034495236,253.2378050550996,0
2024-12-03 03:34:50.117447,42.25279813819142,51.643367429053484,174.7532056197029,0
2024-12-03 03:33:50.117448,56.082926383045475,57.95631315160912,275.51848518335635,0
2024-12-03 03:32:50.117448,45.58070694975374,49.667607748685406,164.172944924253,0
2024-12-03 03:31:50.117449,37.8092243345731,100.0,215.25772854209248,0
2024-12-03 03:30:50.117450,59.599048393211675,91.555212622189,169.4650008589918,0
2024-12-03 03:29:50.117450,51.920750874462584,53.63648930081719,233.05738492587233,0
2024-12-03 03:28:50.117451,44.51469602134617,84.80863389777303,188.28251008265804,0
2024-12-03 03:27:50.117452,38.83246591082856,79.48772189387566,176.8029345998109,0
2024-12-03 03:26:50.117452,31.791151215196514,80.61898595293826,230.28272227329145,0
2024-12-03 03:25:50.117453,50.19629281023178,44.04663143609865,174.20056255022354,0
2024-12-03 03:24:50.117454,51.25345659431242,64.1839536929394,263.62617232222215,0
2024-12-03 03:23:50.117455,32.457473031531094,81.2786403857543,315.73528582551825,1
2024-12-03 03:22:50.117455,49.51301026735586,85.2583408566486,223.36915680533295,0
2024-12-03 03:21:50.117456,46.20983498258067,57.592410039878985,196.80595373672287,0
2024-12-03 03:20:50.117457,39.94283556733811,74.93953774566738,100.08262363994669,0
2024-12-03 03:19:50.117457,35.35226214476716,66.40754413399287,161.72079038687247,0
2024-12-03 03:18:50.117458,68.00451099432712,46.47383917517803,166.83019670513045,0
2024-12-03 03:17:50.117459,55.39181168231555,62.33481064306418,283.9074887743314,0
2024-12-03 03:16:50.117460,56.28680242001742,40.02119627064114,115.76412403203491,0
2024-12-03 03:15:50.117460,53.607021542154236,55.9031201714383,282.4457274961871,0
2024-12-03 03:14:50.117461,63.001206221792515,64.69200634223071,96.34082004177773,0
2024-12-03 03:13:50.117462,38.91481812444467,63.220697134961746,230.08760572186577,0
2024-12-03 03:12:50.117462,38.16997066824034,93.97497011563576,206.76863421085318,0
2024-12-03 03:11:50.117463,58.72446153858382,87.30877633727863,144.41705098924132,0
2024-12-03 03:10:50.117464,55.5012403399472,61.755078824318,258.648562719606,0
2024-12-03 03:09:50.117465,50.965848345656724,69.51140420144905,221.31674312851257,0
2024-12-03 03:08:50.117465,54.11147476897696,38.41633107264356,95.70283499485865,0
2024-12-03 03:07:50.117466,40.591596068310864,69.77525261332329,184.61752222476025,0
2024-12-03 03:06:50.117467,66.87683843038471,84.25770524782007,130.6576717711667,0
2024-12-03 03:05:50.117467,51.837730218857786,56.27270439995876,174.74965018607654,0
2024-12-03 03:04:50.117468,65.04403796918108,75.7882610356536,168.2491762370644,0
2024-12-03 03:03:50.117469,60.05138999537001,53.17588089110497,186.3154746377733,0
2024-12-03 03:02:50.117469,52.39277197838252,77.84070607442453,163.5210058576437,1
2024-12-03 03:01:50.117470,68.70745153173826,89.48290204342878,154.92213464475677,0
2024-12-03 03:00:50.117471,67.87212816555434,68.2942139559502,280.2439463087039,0
2024-12-03 02:59:50.117472,56.51375553665315,69.69984199689699,182.5664739483046,0
2024-12-03 02:58:50.117472,57.59123562223059,63.80989854356021,190.81048303618311,0
2024-12-03 02:57:50.117473,40.70329687309801,61.342290894654056,212.99028582066504,0
2024-12-03 02:56:50.117474,53.82219457722055,55.76026750480665,137.2114475913903,0
2024-12-03 02:55:50.117474,45.958628917079174,57.53382020404384,359.63604661485846,0
2024-12-03 02:54:50.117475,58.11983651117762,62.60757207813653,206.56992963334338,0
2024-12-03 02:53:50.117476,43.45880990227947,41.8390991226858,276.4175833836245,0
2024-12-03 02:52:50.117477,40.53896916889096,79.75320746843727,153.60474851709427,0
2024-12-03 02:51:50.117477,47.725742191736,78.81593120920026,217.40226654820964,0
2024-12-03 02:50:50.117478,66.32319298277295,70.48995387330845,246.45491074607764,0
2024-12-03 02:49:50.117479,42.051306420945465,74.53849823355,218.56084609769843,0
2024-12-03 02:48:50.117479,59.32435804141345,28.515300575532528,123.61637951719793,0
2024-12-03 02:47:50.117480,25.449875222377113,70.88855297901813,196.97672599311164,0
